{"hdd":0.9185718053179479,"mattr":0.9268181818181818,"ttr":0.8387096774193549}
