{"part_of_speech_counts":{"ADJ":8,"ADV":1,"NOUN":27,"PROPN":1,"PUNCT":18,"VERB":17},"part_of_speech_rates":{"ADJ":0.1111111111111111,"ADV":0.013888888888888888,"NOUN":0.375,"PROPN":0.013888888888888888,"PUNCT":0.25,"VERB":0.2361111111111111},"total_tokens":72}
